{"cameraMode":{"drawMode":0,"name":"Shaded","section":"Shading Mode"},"sceneLighting":true,"audioPlay":false,"sceneViewState":{"m_AlwaysRefresh":false,"showFog":true,"showSkybox":true,"showFlares":true,"showImageEffects":true,"showParticleSystems":true,"showVisualEffectGraphs":true,"m_FxEnabled":true},"in2DMode":false,"pivot":{"x":7.067904472351074,"y":-8.179153442382813,"z":18.330652236938478},"rotation":{"x":0.20133164525032044,"y":0.2166825532913208,"z":-0.04562542587518692,"w":0.9542727470397949},"size":12.865174293518067,"orthographic":false}